[2025-02-27T17:49:21.740+0000] {manager.py:487} INFO - Processing files using up to 1 processes at a time 
[2025-02-27T17:49:21.740+0000] {manager.py:488} INFO - Process each file at most once every 30 seconds
[2025-02-27T17:49:21.740+0000] {manager.py:489} INFO - Checking for new files in /workspaces/hands-on-introduction-data-engineering-4395021/airflow/dags every 300 seconds
[2025-02-27T17:49:21.741+0000] {manager.py:758} INFO - Searching for files in /workspaces/hands-on-introduction-data-engineering-4395021/airflow/dags
[2025-02-27T17:49:21.790+0000] {manager.py:761} INFO - There are 46 files in /workspaces/hands-on-introduction-data-engineering-4395021/airflow/dags
[2025-02-27T17:49:21.939+0000] {manager.py:889} INFO - 
================================================================================
DAG File Processing Stats

File Path                                                                                                                         PID    Runtime      # DAGs    # Errors  Last Runtime    Last Run
--------------------------------------------------------------------------------------------------------------------------------  -----  ---------  --------  ----------  --------------  -------------------
/home/vscode/.local/lib/python3.10/site-packages/airflow/example_dags/example_branch_operator.py                                                           0           0
/home/vscode/.local/lib/python3.10/site-packages/airflow/example_dags/example_params_trigger_ui.py                                                         0           0
/home/vscode/.local/lib/python3.10/site-packages/airflow/example_dags/example_bash_operator.py                                                             0           0
/home/vscode/.local/lib/python3.10/site-packages/airflow/example_dags/example_setup_teardown.py                                                            0           0
/home/vscode/.local/lib/python3.10/site-packages/airflow/example_dags/example_subdag_operator.py                                                           0           0
/home/vscode/.local/lib/python3.10/site-packages/airflow/example_dags/tutorial.py                                                                          0           0
/home/vscode/.local/lib/python3.10/site-packages/airflow/example_dags/example_external_task_marker_dag.py                                                  0           0
/home/vscode/.local/lib/python3.10/site-packages/airflow/example_dags/example_local_kubernetes_executor.py                                                 0           0
/home/vscode/.local/lib/python3.10/site-packages/airflow/example_dags/example_branch_python_dop_operator_3.py                                              0           0
/home/vscode/.local/lib/python3.10/site-packages/airflow/example_dags/tutorial_dag.py                                                                      0           0
/home/vscode/.local/lib/python3.10/site-packages/airflow/example_dags/example_skip_dag.py                                                                  0           0
/home/vscode/.local/lib/python3.10/site-packages/airflow/example_dags/example_dynamic_task_mapping.py                                                      0           0
/home/vscode/.local/lib/python3.10/site-packages/airflow/example_dags/example_trigger_controller_dag.py                                                    0           0
/home/vscode/.local/lib/python3.10/site-packages/airflow/example_dags/example_branch_labels.py                                                             0           0
/home/vscode/.local/lib/python3.10/site-packages/airflow/example_dags/example_setup_teardown_taskflow.py                                                   0           0
/home/vscode/.local/lib/python3.10/site-packages/airflow/example_dags/example_params_ui_tutorial.py                                                        0           0
/home/vscode/.local/lib/python3.10/site-packages/airflow/example_dags/example_xcomargs.py                                                                  0           0
/home/vscode/.local/lib/python3.10/site-packages/airflow/example_dags/example_sla_dag.py                                                                   0           0
/home/vscode/.local/lib/python3.10/site-packages/airflow/example_dags/example_nested_branch_dag.py                                                         0           0
/home/vscode/.local/lib/python3.10/site-packages/airflow/example_dags/example_task_group.py                                                                0           0
/home/vscode/.local/lib/python3.10/site-packages/airflow/example_dags/example_sensor_decorator.py                                                          0           0
/home/vscode/.local/lib/python3.10/site-packages/airflow/example_dags/example_complex.py                                                                   0           0
/home/vscode/.local/lib/python3.10/site-packages/airflow/example_dags/example_datasets.py                                                                  0           0
/home/vscode/.local/lib/python3.10/site-packages/airflow/example_dags/example_dag_decorator.py                                                             0           0
/home/vscode/.local/lib/python3.10/site-packages/airflow/example_dags/tutorial_taskflow_api.py                                                             0           0
/home/vscode/.local/lib/python3.10/site-packages/airflow/example_dags/example_latest_only.py                                                               0           0
/home/vscode/.local/lib/python3.10/site-packages/airflow/example_dags/example_time_delta_sensor_async.py                                                   0           0
/home/vscode/.local/lib/python3.10/site-packages/airflow/example_dags/example_sensors.py                                                                   0           0
/home/vscode/.local/lib/python3.10/site-packages/airflow/example_dags/example_trigger_target_dag.py                                                        0           0
/home/vscode/.local/lib/python3.10/site-packages/airflow/example_dags/example_branch_datetime_operator.py                                                  0           0
/home/vscode/.local/lib/python3.10/site-packages/airflow/example_dags/example_latest_only_with_trigger.py                                                  0           0
/home/vscode/.local/lib/python3.10/site-packages/airflow/example_dags/example_short_circuit_decorator.py                                                   0           0
/home/vscode/.local/lib/python3.10/site-packages/airflow/example_dags/example_branch_day_of_week_operator.py                                               0           0
/home/vscode/.local/lib/python3.10/site-packages/airflow/example_dags/example_dynamic_task_mapping_with_no_taskflow_operators.py                           0           0
/home/vscode/.local/lib/python3.10/site-packages/airflow/example_dags/example_short_circuit_operator.py                                                    0           0
/home/vscode/.local/lib/python3.10/site-packages/airflow/example_dags/tutorial_taskflow_api_virtualenv.py                                                  0           0
/home/vscode/.local/lib/python3.10/site-packages/airflow/example_dags/example_python_operator.py                                                           0           0
/home/vscode/.local/lib/python3.10/site-packages/airflow/example_dags/example_passing_params_via_test_command.py                                           0           0
/home/vscode/.local/lib/python3.10/site-packages/airflow/example_dags/example_kubernetes_executor.py                                                       0           0
/home/vscode/.local/lib/python3.10/site-packages/airflow/example_dags/example_branch_operator_decorator.py                                                 0           0
/home/vscode/.local/lib/python3.10/site-packages/airflow/example_dags/example_xcom.py                                                                      0           0
/home/vscode/.local/lib/python3.10/site-packages/airflow/example_dags/example_task_group_decorator.py                                                      0           0
/home/vscode/.local/lib/python3.10/site-packages/airflow/example_dags/subdags/subdag.py                                                                    0           0  0.10s           2025-02-27T17:49:21
/home/vscode/.local/lib/python3.10/site-packages/airflow/example_dags/plugins/event_listener.py                                                            0           0
/home/vscode/.local/lib/python3.10/site-packages/airflow/example_dags/plugins/workday.py                                                                   0           0
/home/vscode/.local/lib/python3.10/site-packages/airflow/example_dags/plugins/listener_plugin.py                                                           0           0
================================================================================
[2025-02-27T17:49:52.251+0000] {manager.py:889} INFO - 
================================================================================
DAG File Processing Stats

File Path                                                                                                                         PID    Runtime      # DAGs    # Errors  Last Runtime    Last Run
--------------------------------------------------------------------------------------------------------------------------------  -----  ---------  --------  ----------  --------------  -------------------
/home/vscode/.local/lib/python3.10/site-packages/airflow/example_dags/example_branch_operator.py                                                           0           0
/home/vscode/.local/lib/python3.10/site-packages/airflow/example_dags/example_bash_operator.py                                                             0           0
/home/vscode/.local/lib/python3.10/site-packages/airflow/example_dags/example_setup_teardown.py                                                            0           0  0.10s           2025-02-27T17:49:47
/home/vscode/.local/lib/python3.10/site-packages/airflow/example_dags/example_local_kubernetes_executor.py                                                 0           0  0.10s           2025-02-27T17:49:49
/home/vscode/.local/lib/python3.10/site-packages/airflow/example_dags/example_branch_labels.py                                                             0           0
/home/vscode/.local/lib/python3.10/site-packages/airflow/example_dags/example_setup_teardown_taskflow.py                                                   0           0  0.11s           2025-02-27T17:49:32
/home/vscode/.local/lib/python3.10/site-packages/airflow/example_dags/example_params_ui_tutorial.py                                                        0           0
/home/vscode/.local/lib/python3.10/site-packages/airflow/example_dags/example_nested_branch_dag.py                                                         0           0
/home/vscode/.local/lib/python3.10/site-packages/airflow/example_dags/example_sensor_decorator.py                                                          0           0
/home/vscode/.local/lib/python3.10/site-packages/airflow/example_dags/example_complex.py                                                                   0           0
/home/vscode/.local/lib/python3.10/site-packages/airflow/example_dags/example_datasets.py                                                                  0           0
/home/vscode/.local/lib/python3.10/site-packages/airflow/example_dags/example_dag_decorator.py                                                             0           0
/home/vscode/.local/lib/python3.10/site-packages/airflow/example_dags/example_latest_only.py                                                               0           0
/home/vscode/.local/lib/python3.10/site-packages/airflow/example_dags/example_sensors.py                                                                   0           0
/home/vscode/.local/lib/python3.10/site-packages/airflow/example_dags/example_branch_datetime_operator.py                                                  0           0
/home/vscode/.local/lib/python3.10/site-packages/airflow/example_dags/example_latest_only_with_trigger.py                                                  0           0
/home/vscode/.local/lib/python3.10/site-packages/airflow/example_dags/example_branch_day_of_week_operator.py                                               0           0
/home/vscode/.local/lib/python3.10/site-packages/airflow/example_dags/example_dynamic_task_mapping_with_no_taskflow_operators.py                           0           0
/home/vscode/.local/lib/python3.10/site-packages/airflow/example_dags/example_python_operator.py                                                           0           0
/home/vscode/.local/lib/python3.10/site-packages/airflow/example_dags/example_passing_params_via_test_command.py                                           0           0
/home/vscode/.local/lib/python3.10/site-packages/airflow/example_dags/example_kubernetes_executor.py                                                       0           0
/home/vscode/.local/lib/python3.10/site-packages/airflow/example_dags/example_branch_operator_decorator.py                                                 0           0
/home/vscode/.local/lib/python3.10/site-packages/airflow/example_dags/subdags/subdag.py                                                                    0           0  0.10s           2025-02-27T17:49:21
/home/vscode/.local/lib/python3.10/site-packages/airflow/example_dags/plugins/event_listener.py                                                            0           0  0.10s           2025-02-27T17:49:23
/home/vscode/.local/lib/python3.10/site-packages/airflow/example_dags/plugins/workday.py                                                                   0           0  0.10s           2025-02-27T17:49:24
/home/vscode/.local/lib/python3.10/site-packages/airflow/example_dags/plugins/listener_plugin.py                                                           0           0  0.10s           2025-02-27T17:49:25
/home/vscode/.local/lib/python3.10/site-packages/airflow/example_dags/example_params_trigger_ui.py                                                         1           0  0.30s           2025-02-27T17:49:45
/home/vscode/.local/lib/python3.10/site-packages/airflow/example_dags/tutorial.py                                                                          1           0  0.62s           2025-02-27T17:49:27
/home/vscode/.local/lib/python3.10/site-packages/airflow/example_dags/example_branch_python_dop_operator_3.py                                              1           0  0.31s           2025-02-27T17:49:50
/home/vscode/.local/lib/python3.10/site-packages/airflow/example_dags/tutorial_dag.py                                                                      1           0  0.92s           2025-02-27T17:49:29
/home/vscode/.local/lib/python3.10/site-packages/airflow/example_dags/example_skip_dag.py                                                                  1           0  0.30s           2025-02-27T17:49:30
/home/vscode/.local/lib/python3.10/site-packages/airflow/example_dags/example_dynamic_task_mapping.py                                                      1           0  0.30s           2025-02-27T17:49:52
/home/vscode/.local/lib/python3.10/site-packages/airflow/example_dags/example_trigger_controller_dag.py                                                    1           0  0.31s           2025-02-27T17:49:32
/home/vscode/.local/lib/python3.10/site-packages/airflow/example_dags/example_sla_dag.py                                                                   1           0  0.31s           2025-02-27T17:49:35
/home/vscode/.local/lib/python3.10/site-packages/airflow/example_dags/example_task_group.py                                                                1           0  0.30s           2025-02-27T17:49:36
/home/vscode/.local/lib/python3.10/site-packages/airflow/example_dags/tutorial_taskflow_api.py                                                             1           0  0.30s           2025-02-27T17:49:37
/home/vscode/.local/lib/python3.10/site-packages/airflow/example_dags/example_time_delta_sensor_async.py                                                   1           0  0.31s           2025-02-27T17:49:37
/home/vscode/.local/lib/python3.10/site-packages/airflow/example_dags/example_trigger_target_dag.py                                                        1           0  0.30s           2025-02-27T17:49:39
/home/vscode/.local/lib/python3.10/site-packages/airflow/example_dags/example_short_circuit_decorator.py                                                   1           0  0.30s           2025-02-27T17:49:40
/home/vscode/.local/lib/python3.10/site-packages/airflow/example_dags/example_short_circuit_operator.py                                                    1           0  0.31s           2025-02-27T17:49:41
/home/vscode/.local/lib/python3.10/site-packages/airflow/example_dags/tutorial_taskflow_api_virtualenv.py                                                  1           0  0.30s           2025-02-27T17:49:42
/home/vscode/.local/lib/python3.10/site-packages/airflow/example_dags/example_xcom.py                                                                      1           0  0.31s           2025-02-27T17:49:43
/home/vscode/.local/lib/python3.10/site-packages/airflow/example_dags/example_task_group_decorator.py                                                      1           0  0.30s           2025-02-27T17:49:44
/home/vscode/.local/lib/python3.10/site-packages/airflow/example_dags/example_external_task_marker_dag.py                                                  2           0  0.30s           2025-02-27T17:49:48
/home/vscode/.local/lib/python3.10/site-packages/airflow/example_dags/example_xcomargs.py                                                                  2           0  0.30s           2025-02-27T17:49:33
/home/vscode/.local/lib/python3.10/site-packages/airflow/example_dags/example_subdag_operator.py                                                           3           0  0.31s           2025-02-27T17:49:26
================================================================================
[2025-02-27T17:50:22.613+0000] {manager.py:889} INFO - 
================================================================================
DAG File Processing Stats

File Path                                                                                                                         PID    Runtime      # DAGs    # Errors  Last Runtime    Last Run
--------------------------------------------------------------------------------------------------------------------------------  -----  ---------  --------  ----------  --------------  -------------------
/home/vscode/.local/lib/python3.10/site-packages/airflow/example_dags/example_setup_teardown.py                                                            0           0  0.10s           2025-02-27T17:49:47
/home/vscode/.local/lib/python3.10/site-packages/airflow/example_dags/example_local_kubernetes_executor.py                                                 0           0  0.10s           2025-02-27T17:49:49
/home/vscode/.local/lib/python3.10/site-packages/airflow/example_dags/example_setup_teardown_taskflow.py                                                   0           0  0.11s           2025-02-27T17:49:32
/home/vscode/.local/lib/python3.10/site-packages/airflow/example_dags/example_kubernetes_executor.py                                                       0           0  0.10s           2025-02-27T17:50:07
/home/vscode/.local/lib/python3.10/site-packages/airflow/example_dags/subdags/subdag.py                                                                    0           0  0.10s           2025-02-27T17:50:15
/home/vscode/.local/lib/python3.10/site-packages/airflow/example_dags/plugins/event_listener.py                                                            0           0  0.11s           2025-02-27T17:50:17
/home/vscode/.local/lib/python3.10/site-packages/airflow/example_dags/plugins/workday.py                                                                   0           0  0.10s           2025-02-27T17:50:18
/home/vscode/.local/lib/python3.10/site-packages/airflow/example_dags/plugins/listener_plugin.py                                                           0           0  0.10s           2025-02-27T17:50:19
/home/vscode/.local/lib/python3.10/site-packages/airflow/example_dags/example_branch_operator.py                                                           1           0  0.20s           2025-02-27T17:50:09
/home/vscode/.local/lib/python3.10/site-packages/airflow/example_dags/example_params_trigger_ui.py                                                         1           0  0.30s           2025-02-27T17:49:45
/home/vscode/.local/lib/python3.10/site-packages/airflow/example_dags/example_bash_operator.py                                                             1           0  0.21s           2025-02-27T17:50:10
/home/vscode/.local/lib/python3.10/site-packages/airflow/example_dags/tutorial.py                                                                          1           0  0.10s           2025-02-27T17:50:20
/home/vscode/.local/lib/python3.10/site-packages/airflow/example_dags/example_branch_python_dop_operator_3.py                                              1           0  0.31s           2025-02-27T17:49:50
/home/vscode/.local/lib/python3.10/site-packages/airflow/example_dags/tutorial_dag.py                                                                      1           0  0.10s           2025-02-27T17:50:21
/home/vscode/.local/lib/python3.10/site-packages/airflow/example_dags/example_skip_dag.py                                                                  1           0  0.10s           2025-02-27T17:50:22
/home/vscode/.local/lib/python3.10/site-packages/airflow/example_dags/example_dynamic_task_mapping.py                                                      1           0  0.30s           2025-02-27T17:49:52
/home/vscode/.local/lib/python3.10/site-packages/airflow/example_dags/example_trigger_controller_dag.py                                                    1           0  0.31s           2025-02-27T17:49:32
/home/vscode/.local/lib/python3.10/site-packages/airflow/example_dags/example_branch_labels.py                                                             1           0  0.20s           2025-02-27T17:50:12
/home/vscode/.local/lib/python3.10/site-packages/airflow/example_dags/example_params_ui_tutorial.py                                                        1           0  0.30s           2025-02-27T17:49:52
/home/vscode/.local/lib/python3.10/site-packages/airflow/example_dags/example_sla_dag.py                                                                   1           0  0.31s           2025-02-27T17:49:35
/home/vscode/.local/lib/python3.10/site-packages/airflow/example_dags/example_nested_branch_dag.py                                                         1           0  0.30s           2025-02-27T17:49:53
/home/vscode/.local/lib/python3.10/site-packages/airflow/example_dags/example_task_group.py                                                                1           0  0.30s           2025-02-27T17:49:36
/home/vscode/.local/lib/python3.10/site-packages/airflow/example_dags/example_sensor_decorator.py                                                          1           0  0.31s           2025-02-27T17:49:55
/home/vscode/.local/lib/python3.10/site-packages/airflow/example_dags/example_complex.py                                                                   1           0  0.30s           2025-02-27T17:49:56
/home/vscode/.local/lib/python3.10/site-packages/airflow/example_dags/example_dag_decorator.py                                                             1           0  0.30s           2025-02-27T17:49:59
/home/vscode/.local/lib/python3.10/site-packages/airflow/example_dags/tutorial_taskflow_api.py                                                             1           0  0.30s           2025-02-27T17:49:37
/home/vscode/.local/lib/python3.10/site-packages/airflow/example_dags/example_latest_only.py                                                               1           0  0.30s           2025-02-27T17:50:00
/home/vscode/.local/lib/python3.10/site-packages/airflow/example_dags/example_time_delta_sensor_async.py                                                   1           0  0.31s           2025-02-27T17:49:37
/home/vscode/.local/lib/python3.10/site-packages/airflow/example_dags/example_sensors.py                                                                   1           0  0.30s           2025-02-27T17:50:01
/home/vscode/.local/lib/python3.10/site-packages/airflow/example_dags/example_trigger_target_dag.py                                                        1           0  0.30s           2025-02-27T17:49:39
/home/vscode/.local/lib/python3.10/site-packages/airflow/example_dags/example_latest_only_with_trigger.py                                                  1           0  0.30s           2025-02-27T17:50:03
/home/vscode/.local/lib/python3.10/site-packages/airflow/example_dags/example_short_circuit_decorator.py                                                   1           0  0.30s           2025-02-27T17:49:40
/home/vscode/.local/lib/python3.10/site-packages/airflow/example_dags/example_branch_day_of_week_operator.py                                               1           0  0.21s           2025-02-27T17:50:14
/home/vscode/.local/lib/python3.10/site-packages/airflow/example_dags/example_dynamic_task_mapping_with_no_taskflow_operators.py                           1           0  0.30s           2025-02-27T17:50:04
/home/vscode/.local/lib/python3.10/site-packages/airflow/example_dags/example_short_circuit_operator.py                                                    1           0  0.31s           2025-02-27T17:49:41
/home/vscode/.local/lib/python3.10/site-packages/airflow/example_dags/tutorial_taskflow_api_virtualenv.py                                                  1           0  0.30s           2025-02-27T17:49:42
/home/vscode/.local/lib/python3.10/site-packages/airflow/example_dags/example_python_operator.py                                                           1           0  0.30s           2025-02-27T17:50:05
/home/vscode/.local/lib/python3.10/site-packages/airflow/example_dags/example_passing_params_via_test_command.py                                           1           0  0.30s           2025-02-27T17:50:07
/home/vscode/.local/lib/python3.10/site-packages/airflow/example_dags/example_branch_operator_decorator.py                                                 1           0  0.20s           2025-02-27T17:50:08
/home/vscode/.local/lib/python3.10/site-packages/airflow/example_dags/example_xcom.py                                                                      1           0  0.31s           2025-02-27T17:49:43
/home/vscode/.local/lib/python3.10/site-packages/airflow/example_dags/example_task_group_decorator.py                                                      1           0  0.30s           2025-02-27T17:49:44
/home/vscode/.local/lib/python3.10/site-packages/airflow/example_dags/example_external_task_marker_dag.py                                                  2           0  0.30s           2025-02-27T17:49:48
/home/vscode/.local/lib/python3.10/site-packages/airflow/example_dags/example_xcomargs.py                                                                  2           0  0.30s           2025-02-27T17:49:33
/home/vscode/.local/lib/python3.10/site-packages/airflow/example_dags/example_subdag_operator.py                                                           3           0  0.10s           2025-02-27T17:50:19
/home/vscode/.local/lib/python3.10/site-packages/airflow/example_dags/example_branch_datetime_operator.py                                                  3           0  0.31s           2025-02-27T17:50:13
/home/vscode/.local/lib/python3.10/site-packages/airflow/example_dags/example_datasets.py                                                                  6           0  0.41s           2025-02-27T17:49:57
================================================================================
[2025-02-27T17:50:52.884+0000] {manager.py:889} INFO - 
================================================================================
DAG File Processing Stats

File Path                                                                                                                         PID    Runtime      # DAGs    # Errors  Last Runtime    Last Run
--------------------------------------------------------------------------------------------------------------------------------  -----  ---------  --------  ----------  --------------  -------------------
/home/vscode/.local/lib/python3.10/site-packages/airflow/example_dags/example_setup_teardown.py                                                            0           0  0.10s           2025-02-27T17:50:36
/home/vscode/.local/lib/python3.10/site-packages/airflow/example_dags/example_local_kubernetes_executor.py                                                 0           0  0.10s           2025-02-27T17:50:37
/home/vscode/.local/lib/python3.10/site-packages/airflow/example_dags/example_setup_teardown_taskflow.py                                                   0           0  0.10s           2025-02-27T17:50:24
/home/vscode/.local/lib/python3.10/site-packages/airflow/example_dags/example_kubernetes_executor.py                                                       0           0  0.10s           2025-02-27T17:50:07
/home/vscode/.local/lib/python3.10/site-packages/airflow/example_dags/subdags/subdag.py                                                                    0           0  0.10s           2025-02-27T17:50:50
/home/vscode/.local/lib/python3.10/site-packages/airflow/example_dags/plugins/event_listener.py                                                            0           0  0.10s           2025-02-27T17:50:52
/home/vscode/.local/lib/python3.10/site-packages/airflow/example_dags/plugins/workday.py                                                                   0           0  0.10s           2025-02-27T17:50:52
/home/vscode/.local/lib/python3.10/site-packages/airflow/example_dags/plugins/listener_plugin.py                                                           0           0  0.10s           2025-02-27T17:50:19
/home/vscode/.local/lib/python3.10/site-packages/airflow/example_dags/example_branch_operator.py                                                           1           0  0.20s           2025-02-27T17:50:09
/home/vscode/.local/lib/python3.10/site-packages/airflow/example_dags/example_params_trigger_ui.py                                                         1           0  0.11s           2025-02-27T17:50:35
/home/vscode/.local/lib/python3.10/site-packages/airflow/example_dags/example_bash_operator.py                                                             1           0  0.21s           2025-02-27T17:50:10
/home/vscode/.local/lib/python3.10/site-packages/airflow/example_dags/tutorial.py                                                                          1           0  0.10s           2025-02-27T17:50:20
/home/vscode/.local/lib/python3.10/site-packages/airflow/example_dags/example_branch_python_dop_operator_3.py                                              1           0  0.10s           2025-02-27T17:50:38
/home/vscode/.local/lib/python3.10/site-packages/airflow/example_dags/tutorial_dag.py                                                                      1           0  0.10s           2025-02-27T17:50:21
/home/vscode/.local/lib/python3.10/site-packages/airflow/example_dags/example_skip_dag.py                                                                  1           0  0.10s           2025-02-27T17:50:22
/home/vscode/.local/lib/python3.10/site-packages/airflow/example_dags/example_dynamic_task_mapping.py                                                      1           0  0.11s           2025-02-27T17:50:40
/home/vscode/.local/lib/python3.10/site-packages/airflow/example_dags/example_trigger_controller_dag.py                                                    1           0  0.10s           2025-02-27T17:50:23
/home/vscode/.local/lib/python3.10/site-packages/airflow/example_dags/example_branch_labels.py                                                             1           0  0.20s           2025-02-27T17:50:12
/home/vscode/.local/lib/python3.10/site-packages/airflow/example_dags/example_params_ui_tutorial.py                                                        1           0  0.21s           2025-02-27T17:50:40
/home/vscode/.local/lib/python3.10/site-packages/airflow/example_dags/example_sla_dag.py                                                                   1           0  0.10s           2025-02-27T17:50:26
/home/vscode/.local/lib/python3.10/site-packages/airflow/example_dags/example_nested_branch_dag.py                                                         1           0  0.10s           2025-02-27T17:50:41
/home/vscode/.local/lib/python3.10/site-packages/airflow/example_dags/example_task_group.py                                                                1           0  0.10s           2025-02-27T17:50:27
/home/vscode/.local/lib/python3.10/site-packages/airflow/example_dags/example_sensor_decorator.py                                                          1           0  0.10s           2025-02-27T17:50:42
/home/vscode/.local/lib/python3.10/site-packages/airflow/example_dags/example_complex.py                                                                   1           0  0.10s           2025-02-27T17:50:43
/home/vscode/.local/lib/python3.10/site-packages/airflow/example_dags/example_dag_decorator.py                                                             1           0  0.20s           2025-02-27T17:50:45
/home/vscode/.local/lib/python3.10/site-packages/airflow/example_dags/tutorial_taskflow_api.py                                                             1           0  0.10s           2025-02-27T17:50:28
/home/vscode/.local/lib/python3.10/site-packages/airflow/example_dags/example_latest_only.py                                                               1           0  0.10s           2025-02-27T17:50:46
/home/vscode/.local/lib/python3.10/site-packages/airflow/example_dags/example_time_delta_sensor_async.py                                                   1           0  0.10s           2025-02-27T17:50:29
/home/vscode/.local/lib/python3.10/site-packages/airflow/example_dags/example_sensors.py                                                                   1           0  0.11s           2025-02-27T17:50:48
/home/vscode/.local/lib/python3.10/site-packages/airflow/example_dags/example_trigger_target_dag.py                                                        1           0  0.10s           2025-02-27T17:50:30
/home/vscode/.local/lib/python3.10/site-packages/airflow/example_dags/example_latest_only_with_trigger.py                                                  1           0  0.10s           2025-02-27T17:50:49
/home/vscode/.local/lib/python3.10/site-packages/airflow/example_dags/example_short_circuit_decorator.py                                                   1           0  0.10s           2025-02-27T17:50:31
/home/vscode/.local/lib/python3.10/site-packages/airflow/example_dags/example_branch_day_of_week_operator.py                                               1           0  0.21s           2025-02-27T17:50:14
/home/vscode/.local/lib/python3.10/site-packages/airflow/example_dags/example_dynamic_task_mapping_with_no_taskflow_operators.py                           1           0  0.10s           2025-02-27T17:50:50
/home/vscode/.local/lib/python3.10/site-packages/airflow/example_dags/example_short_circuit_operator.py                                                    1           0  0.11s           2025-02-27T17:50:32
/home/vscode/.local/lib/python3.10/site-packages/airflow/example_dags/tutorial_taskflow_api_virtualenv.py                                                  1           0  0.11s           2025-02-27T17:50:33
/home/vscode/.local/lib/python3.10/site-packages/airflow/example_dags/example_python_operator.py                                                           1           0  0.30s           2025-02-27T17:50:05
/home/vscode/.local/lib/python3.10/site-packages/airflow/example_dags/example_passing_params_via_test_command.py                                           1           0  0.30s           2025-02-27T17:50:07
/home/vscode/.local/lib/python3.10/site-packages/airflow/example_dags/example_branch_operator_decorator.py                                                 1           0  0.20s           2025-02-27T17:50:08
/home/vscode/.local/lib/python3.10/site-packages/airflow/example_dags/example_xcom.py                                                                      1           0  0.10s           2025-02-27T17:50:33
/home/vscode/.local/lib/python3.10/site-packages/airflow/example_dags/example_task_group_decorator.py                                                      1           0  0.10s           2025-02-27T17:50:34
/home/vscode/.local/lib/python3.10/site-packages/airflow/example_dags/example_external_task_marker_dag.py                                                  2           0  0.11s           2025-02-27T17:50:37
/home/vscode/.local/lib/python3.10/site-packages/airflow/example_dags/example_xcomargs.py                                                                  2           0  0.10s           2025-02-27T17:50:24
/home/vscode/.local/lib/python3.10/site-packages/airflow/example_dags/example_subdag_operator.py                                                           3           0  0.10s           2025-02-27T17:50:19
/home/vscode/.local/lib/python3.10/site-packages/airflow/example_dags/example_branch_datetime_operator.py                                                  3           0  0.31s           2025-02-27T17:50:13
/home/vscode/.local/lib/python3.10/site-packages/airflow/example_dags/example_datasets.py                                                                  6           0  0.10s           2025-02-27T17:50:45
================================================================================
[2025-02-27T17:51:02.650+0000] {manager.py:470} INFO - Exiting gracefully upon receiving signal 15
[2025-02-27T17:52:47.627+0000] {manager.py:487} INFO - Processing files using up to 1 processes at a time 
[2025-02-27T17:52:47.628+0000] {manager.py:488} INFO - Process each file at most once every 30 seconds
[2025-02-27T17:52:47.628+0000] {manager.py:489} INFO - Checking for new files in /workspaces/hands-on-introduction-data-engineering-4395021/airflow/dags every 300 seconds
[2025-02-27T17:52:47.629+0000] {manager.py:758} INFO - Searching for files in /workspaces/hands-on-introduction-data-engineering-4395021/airflow/dags
[2025-02-27T17:52:47.646+0000] {manager.py:761} INFO - There are 46 files in /workspaces/hands-on-introduction-data-engineering-4395021/airflow/dags
[2025-02-27T17:52:47.782+0000] {manager.py:889} INFO - 
================================================================================
DAG File Processing Stats

File Path                                                                                                                         PID    Runtime      # DAGs    # Errors  Last Runtime    Last Run
--------------------------------------------------------------------------------------------------------------------------------  -----  ---------  --------  ----------  --------------  -------------------
/home/vscode/.local/lib/python3.10/site-packages/airflow/example_dags/example_branch_operator.py                                                           0           0
/home/vscode/.local/lib/python3.10/site-packages/airflow/example_dags/example_params_trigger_ui.py                                                         0           0
/home/vscode/.local/lib/python3.10/site-packages/airflow/example_dags/example_bash_operator.py                                                             0           0
/home/vscode/.local/lib/python3.10/site-packages/airflow/example_dags/example_setup_teardown.py                                                            0           0
/home/vscode/.local/lib/python3.10/site-packages/airflow/example_dags/example_subdag_operator.py                                                           0           0
/home/vscode/.local/lib/python3.10/site-packages/airflow/example_dags/tutorial.py                                                                          0           0
/home/vscode/.local/lib/python3.10/site-packages/airflow/example_dags/example_external_task_marker_dag.py                                                  0           0
/home/vscode/.local/lib/python3.10/site-packages/airflow/example_dags/example_local_kubernetes_executor.py                                                 0           0
/home/vscode/.local/lib/python3.10/site-packages/airflow/example_dags/example_branch_python_dop_operator_3.py                                              0           0
/home/vscode/.local/lib/python3.10/site-packages/airflow/example_dags/tutorial_dag.py                                                                      0           0
/home/vscode/.local/lib/python3.10/site-packages/airflow/example_dags/example_skip_dag.py                                                                  0           0
/home/vscode/.local/lib/python3.10/site-packages/airflow/example_dags/example_dynamic_task_mapping.py                                                      0           0
/home/vscode/.local/lib/python3.10/site-packages/airflow/example_dags/example_trigger_controller_dag.py                                                    0           0
/home/vscode/.local/lib/python3.10/site-packages/airflow/example_dags/example_branch_labels.py                                                             0           0
/home/vscode/.local/lib/python3.10/site-packages/airflow/example_dags/example_setup_teardown_taskflow.py                                                   0           0
/home/vscode/.local/lib/python3.10/site-packages/airflow/example_dags/example_params_ui_tutorial.py                                                        0           0
/home/vscode/.local/lib/python3.10/site-packages/airflow/example_dags/example_xcomargs.py                                                                  0           0
/home/vscode/.local/lib/python3.10/site-packages/airflow/example_dags/example_sla_dag.py                                                                   0           0
/home/vscode/.local/lib/python3.10/site-packages/airflow/example_dags/example_nested_branch_dag.py                                                         0           0
/home/vscode/.local/lib/python3.10/site-packages/airflow/example_dags/example_task_group.py                                                                0           0
/home/vscode/.local/lib/python3.10/site-packages/airflow/example_dags/example_sensor_decorator.py                                                          0           0
/home/vscode/.local/lib/python3.10/site-packages/airflow/example_dags/example_complex.py                                                                   0           0
/home/vscode/.local/lib/python3.10/site-packages/airflow/example_dags/example_datasets.py                                                                  0           0
/home/vscode/.local/lib/python3.10/site-packages/airflow/example_dags/example_dag_decorator.py                                                             0           0
/home/vscode/.local/lib/python3.10/site-packages/airflow/example_dags/tutorial_taskflow_api.py                                                             0           0
/home/vscode/.local/lib/python3.10/site-packages/airflow/example_dags/example_latest_only.py                                                               0           0
/home/vscode/.local/lib/python3.10/site-packages/airflow/example_dags/example_time_delta_sensor_async.py                                                   0           0
/home/vscode/.local/lib/python3.10/site-packages/airflow/example_dags/example_sensors.py                                                                   0           0
/home/vscode/.local/lib/python3.10/site-packages/airflow/example_dags/example_trigger_target_dag.py                                                        0           0
/home/vscode/.local/lib/python3.10/site-packages/airflow/example_dags/example_branch_datetime_operator.py                                                  0           0
/home/vscode/.local/lib/python3.10/site-packages/airflow/example_dags/example_latest_only_with_trigger.py                                                  0           0
/home/vscode/.local/lib/python3.10/site-packages/airflow/example_dags/example_short_circuit_decorator.py                                                   0           0
/home/vscode/.local/lib/python3.10/site-packages/airflow/example_dags/example_branch_day_of_week_operator.py                                               0           0
/home/vscode/.local/lib/python3.10/site-packages/airflow/example_dags/example_dynamic_task_mapping_with_no_taskflow_operators.py                           0           0
/home/vscode/.local/lib/python3.10/site-packages/airflow/example_dags/example_short_circuit_operator.py                                                    0           0
/home/vscode/.local/lib/python3.10/site-packages/airflow/example_dags/tutorial_taskflow_api_virtualenv.py                                                  0           0
/home/vscode/.local/lib/python3.10/site-packages/airflow/example_dags/example_python_operator.py                                                           0           0
/home/vscode/.local/lib/python3.10/site-packages/airflow/example_dags/example_passing_params_via_test_command.py                                           0           0
/home/vscode/.local/lib/python3.10/site-packages/airflow/example_dags/example_kubernetes_executor.py                                                       0           0
/home/vscode/.local/lib/python3.10/site-packages/airflow/example_dags/example_branch_operator_decorator.py                                                 0           0
/home/vscode/.local/lib/python3.10/site-packages/airflow/example_dags/example_xcom.py                                                                      0           0
/home/vscode/.local/lib/python3.10/site-packages/airflow/example_dags/example_task_group_decorator.py                                                      0           0
/home/vscode/.local/lib/python3.10/site-packages/airflow/example_dags/subdags/subdag.py                                                                    0           0  0.10s           2025-02-27T17:52:47
/home/vscode/.local/lib/python3.10/site-packages/airflow/example_dags/plugins/event_listener.py                                                            0           0
/home/vscode/.local/lib/python3.10/site-packages/airflow/example_dags/plugins/workday.py                                                                   0           0
/home/vscode/.local/lib/python3.10/site-packages/airflow/example_dags/plugins/listener_plugin.py                                                           0           0
================================================================================
[2025-02-27T17:53:17.918+0000] {manager.py:889} INFO - 
================================================================================
DAG File Processing Stats

File Path                                                                                                                         PID    Runtime      # DAGs    # Errors  Last Runtime    Last Run
--------------------------------------------------------------------------------------------------------------------------------  -----  ---------  --------  ----------  --------------  -------------------
/home/vscode/.local/lib/python3.10/site-packages/airflow/example_dags/example_branch_operator.py                                                           0           0
/home/vscode/.local/lib/python3.10/site-packages/airflow/example_dags/example_bash_operator.py                                                             0           0
/home/vscode/.local/lib/python3.10/site-packages/airflow/example_dags/example_setup_teardown.py                                                            0           0  0.10s           2025-02-27T17:53:11
/home/vscode/.local/lib/python3.10/site-packages/airflow/example_dags/example_local_kubernetes_executor.py                                                 0           0  0.10s           2025-02-27T17:53:13
/home/vscode/.local/lib/python3.10/site-packages/airflow/example_dags/example_branch_labels.py                                                             0           0
/home/vscode/.local/lib/python3.10/site-packages/airflow/example_dags/example_setup_teardown_taskflow.py                                                   0           0  0.10s           2025-02-27T17:52:57
/home/vscode/.local/lib/python3.10/site-packages/airflow/example_dags/example_sensor_decorator.py                                                          0           0
/home/vscode/.local/lib/python3.10/site-packages/airflow/example_dags/example_complex.py                                                                   0           0
/home/vscode/.local/lib/python3.10/site-packages/airflow/example_dags/example_datasets.py                                                                  0           0
/home/vscode/.local/lib/python3.10/site-packages/airflow/example_dags/example_dag_decorator.py                                                             0           0
/home/vscode/.local/lib/python3.10/site-packages/airflow/example_dags/example_latest_only.py                                                               0           0
/home/vscode/.local/lib/python3.10/site-packages/airflow/example_dags/example_sensors.py                                                                   0           0
/home/vscode/.local/lib/python3.10/site-packages/airflow/example_dags/example_branch_datetime_operator.py                                                  0           0
/home/vscode/.local/lib/python3.10/site-packages/airflow/example_dags/example_latest_only_with_trigger.py                                                  0           0
/home/vscode/.local/lib/python3.10/site-packages/airflow/example_dags/example_branch_day_of_week_operator.py                                               0           0
/home/vscode/.local/lib/python3.10/site-packages/airflow/example_dags/example_dynamic_task_mapping_with_no_taskflow_operators.py                           0           0
/home/vscode/.local/lib/python3.10/site-packages/airflow/example_dags/example_python_operator.py                                                           0           0
/home/vscode/.local/lib/python3.10/site-packages/airflow/example_dags/example_passing_params_via_test_command.py                                           0           0
/home/vscode/.local/lib/python3.10/site-packages/airflow/example_dags/example_kubernetes_executor.py                                                       0           0
/home/vscode/.local/lib/python3.10/site-packages/airflow/example_dags/example_branch_operator_decorator.py                                                 0           0
/home/vscode/.local/lib/python3.10/site-packages/airflow/example_dags/subdags/subdag.py                                                                    0           0  0.10s           2025-02-27T17:52:47
/home/vscode/.local/lib/python3.10/site-packages/airflow/example_dags/plugins/event_listener.py                                                            0           0  0.10s           2025-02-27T17:52:48
/home/vscode/.local/lib/python3.10/site-packages/airflow/example_dags/plugins/workday.py                                                                   0           0  0.10s           2025-02-27T17:52:50
/home/vscode/.local/lib/python3.10/site-packages/airflow/example_dags/plugins/listener_plugin.py                                                           0           0  0.10s           2025-02-27T17:52:51
/home/vscode/.local/lib/python3.10/site-packages/airflow/example_dags/example_params_trigger_ui.py                                                         1           0  0.20s           2025-02-27T17:53:10
/home/vscode/.local/lib/python3.10/site-packages/airflow/example_dags/tutorial.py                                                                          1           0  0.51s           2025-02-27T17:52:53
/home/vscode/.local/lib/python3.10/site-packages/airflow/example_dags/example_branch_python_dop_operator_3.py                                              1           0  0.20s           2025-02-27T17:53:14
/home/vscode/.local/lib/python3.10/site-packages/airflow/example_dags/tutorial_dag.py                                                                      1           0  0.21s           2025-02-27T17:52:54
/home/vscode/.local/lib/python3.10/site-packages/airflow/example_dags/example_skip_dag.py                                                                  1           0  0.20s           2025-02-27T17:52:55
/home/vscode/.local/lib/python3.10/site-packages/airflow/example_dags/example_dynamic_task_mapping.py                                                      1           0  0.20s           2025-02-27T17:53:15
/home/vscode/.local/lib/python3.10/site-packages/airflow/example_dags/example_trigger_controller_dag.py                                                    1           0  0.20s           2025-02-27T17:52:56
/home/vscode/.local/lib/python3.10/site-packages/airflow/example_dags/example_params_ui_tutorial.py                                                        1           0  0.20s           2025-02-27T17:53:16
/home/vscode/.local/lib/python3.10/site-packages/airflow/example_dags/example_sla_dag.py                                                                   1           0  0.20s           2025-02-27T17:52:59
/home/vscode/.local/lib/python3.10/site-packages/airflow/example_dags/example_nested_branch_dag.py                                                         1           0  0.20s           2025-02-27T17:53:17
/home/vscode/.local/lib/python3.10/site-packages/airflow/example_dags/example_task_group.py                                                                1           0  0.20s           2025-02-27T17:53:01
/home/vscode/.local/lib/python3.10/site-packages/airflow/example_dags/tutorial_taskflow_api.py                                                             1           0  0.20s           2025-02-27T17:53:02
/home/vscode/.local/lib/python3.10/site-packages/airflow/example_dags/example_time_delta_sensor_async.py                                                   1           0  0.20s           2025-02-27T17:53:02
/home/vscode/.local/lib/python3.10/site-packages/airflow/example_dags/example_trigger_target_dag.py                                                        1           0  0.20s           2025-02-27T17:53:03
/home/vscode/.local/lib/python3.10/site-packages/airflow/example_dags/example_short_circuit_decorator.py                                                   1           0  0.20s           2025-02-27T17:53:04
/home/vscode/.local/lib/python3.10/site-packages/airflow/example_dags/example_short_circuit_operator.py                                                    1           0  0.20s           2025-02-27T17:53:06
/home/vscode/.local/lib/python3.10/site-packages/airflow/example_dags/tutorial_taskflow_api_virtualenv.py                                                  1           0  0.20s           2025-02-27T17:53:07
/home/vscode/.local/lib/python3.10/site-packages/airflow/example_dags/example_xcom.py                                                                      1           0  0.20s           2025-02-27T17:53:07
/home/vscode/.local/lib/python3.10/site-packages/airflow/example_dags/example_task_group_decorator.py                                                      1           0  0.20s           2025-02-27T17:53:08
/home/vscode/.local/lib/python3.10/site-packages/airflow/example_dags/example_external_task_marker_dag.py                                                  2           0  0.20s           2025-02-27T17:53:12
/home/vscode/.local/lib/python3.10/site-packages/airflow/example_dags/example_xcomargs.py                                                                  2           0  0.20s           2025-02-27T17:52:58
/home/vscode/.local/lib/python3.10/site-packages/airflow/example_dags/example_subdag_operator.py                                                           3           0  0.21s           2025-02-27T17:52:52
================================================================================
[2025-02-27T17:53:35.708+0000] {manager.py:470} INFO - Exiting gracefully upon receiving signal 15
[2025-02-27T17:57:28.401+0000] {manager.py:487} INFO - Processing files using up to 1 processes at a time 
[2025-02-27T17:57:28.404+0000] {manager.py:488} INFO - Process each file at most once every 30 seconds
[2025-02-27T17:57:28.405+0000] {manager.py:489} INFO - Checking for new files in /workspaces/hands-on-introduction-data-engineering-4395021/airflow/dags every 300 seconds
[2025-02-27T17:57:28.405+0000] {manager.py:758} INFO - Searching for files in /workspaces/hands-on-introduction-data-engineering-4395021/airflow/dags
[2025-02-27T17:57:28.421+0000] {manager.py:761} INFO - There are 46 files in /workspaces/hands-on-introduction-data-engineering-4395021/airflow/dags
[2025-02-27T17:57:28.585+0000] {manager.py:889} INFO - 
================================================================================
DAG File Processing Stats

File Path                                                                                                                         PID    Runtime      # DAGs    # Errors  Last Runtime    Last Run
--------------------------------------------------------------------------------------------------------------------------------  -----  ---------  --------  ----------  --------------  -------------------
/home/vscode/.local/lib/python3.10/site-packages/airflow/example_dags/example_branch_operator.py                                                           0           0
/home/vscode/.local/lib/python3.10/site-packages/airflow/example_dags/example_params_trigger_ui.py                                                         0           0
/home/vscode/.local/lib/python3.10/site-packages/airflow/example_dags/example_bash_operator.py                                                             0           0
/home/vscode/.local/lib/python3.10/site-packages/airflow/example_dags/example_setup_teardown.py                                                            0           0
/home/vscode/.local/lib/python3.10/site-packages/airflow/example_dags/example_subdag_operator.py                                                           0           0
/home/vscode/.local/lib/python3.10/site-packages/airflow/example_dags/tutorial.py                                                                          0           0
/home/vscode/.local/lib/python3.10/site-packages/airflow/example_dags/example_external_task_marker_dag.py                                                  0           0
/home/vscode/.local/lib/python3.10/site-packages/airflow/example_dags/example_local_kubernetes_executor.py                                                 0           0
/home/vscode/.local/lib/python3.10/site-packages/airflow/example_dags/example_branch_python_dop_operator_3.py                                              0           0
/home/vscode/.local/lib/python3.10/site-packages/airflow/example_dags/tutorial_dag.py                                                                      0           0
/home/vscode/.local/lib/python3.10/site-packages/airflow/example_dags/example_skip_dag.py                                                                  0           0
/home/vscode/.local/lib/python3.10/site-packages/airflow/example_dags/example_dynamic_task_mapping.py                                                      0           0
/home/vscode/.local/lib/python3.10/site-packages/airflow/example_dags/example_trigger_controller_dag.py                                                    0           0
/home/vscode/.local/lib/python3.10/site-packages/airflow/example_dags/example_branch_labels.py                                                             0           0
/home/vscode/.local/lib/python3.10/site-packages/airflow/example_dags/example_setup_teardown_taskflow.py                                                   0           0
/home/vscode/.local/lib/python3.10/site-packages/airflow/example_dags/example_params_ui_tutorial.py                                                        0           0
/home/vscode/.local/lib/python3.10/site-packages/airflow/example_dags/example_xcomargs.py                                                                  0           0
/home/vscode/.local/lib/python3.10/site-packages/airflow/example_dags/example_sla_dag.py                                                                   0           0
/home/vscode/.local/lib/python3.10/site-packages/airflow/example_dags/example_nested_branch_dag.py                                                         0           0
/home/vscode/.local/lib/python3.10/site-packages/airflow/example_dags/example_task_group.py                                                                0           0
/home/vscode/.local/lib/python3.10/site-packages/airflow/example_dags/example_sensor_decorator.py                                                          0           0
/home/vscode/.local/lib/python3.10/site-packages/airflow/example_dags/example_complex.py                                                                   0           0
/home/vscode/.local/lib/python3.10/site-packages/airflow/example_dags/example_datasets.py                                                                  0           0
/home/vscode/.local/lib/python3.10/site-packages/airflow/example_dags/example_dag_decorator.py                                                             0           0
/home/vscode/.local/lib/python3.10/site-packages/airflow/example_dags/tutorial_taskflow_api.py                                                             0           0
/home/vscode/.local/lib/python3.10/site-packages/airflow/example_dags/example_latest_only.py                                                               0           0
/home/vscode/.local/lib/python3.10/site-packages/airflow/example_dags/example_time_delta_sensor_async.py                                                   0           0
/home/vscode/.local/lib/python3.10/site-packages/airflow/example_dags/example_sensors.py                                                                   0           0
/home/vscode/.local/lib/python3.10/site-packages/airflow/example_dags/example_trigger_target_dag.py                                                        0           0
/home/vscode/.local/lib/python3.10/site-packages/airflow/example_dags/example_branch_datetime_operator.py                                                  0           0
/home/vscode/.local/lib/python3.10/site-packages/airflow/example_dags/example_latest_only_with_trigger.py                                                  0           0
/home/vscode/.local/lib/python3.10/site-packages/airflow/example_dags/example_short_circuit_decorator.py                                                   0           0
/home/vscode/.local/lib/python3.10/site-packages/airflow/example_dags/example_branch_day_of_week_operator.py                                               0           0
/home/vscode/.local/lib/python3.10/site-packages/airflow/example_dags/example_dynamic_task_mapping_with_no_taskflow_operators.py                           0           0
/home/vscode/.local/lib/python3.10/site-packages/airflow/example_dags/example_short_circuit_operator.py                                                    0           0
/home/vscode/.local/lib/python3.10/site-packages/airflow/example_dags/tutorial_taskflow_api_virtualenv.py                                                  0           0
/home/vscode/.local/lib/python3.10/site-packages/airflow/example_dags/example_python_operator.py                                                           0           0
/home/vscode/.local/lib/python3.10/site-packages/airflow/example_dags/example_passing_params_via_test_command.py                                           0           0
/home/vscode/.local/lib/python3.10/site-packages/airflow/example_dags/example_kubernetes_executor.py                                                       0           0
/home/vscode/.local/lib/python3.10/site-packages/airflow/example_dags/example_branch_operator_decorator.py                                                 0           0
/home/vscode/.local/lib/python3.10/site-packages/airflow/example_dags/example_xcom.py                                                                      0           0
/home/vscode/.local/lib/python3.10/site-packages/airflow/example_dags/example_task_group_decorator.py                                                      0           0
/home/vscode/.local/lib/python3.10/site-packages/airflow/example_dags/subdags/subdag.py                                                                    0           0  0.10s           2025-02-27T17:57:28
/home/vscode/.local/lib/python3.10/site-packages/airflow/example_dags/plugins/event_listener.py                                                            0           0
/home/vscode/.local/lib/python3.10/site-packages/airflow/example_dags/plugins/workday.py                                                                   0           0
/home/vscode/.local/lib/python3.10/site-packages/airflow/example_dags/plugins/listener_plugin.py                                                           0           0
================================================================================
[2025-02-27T17:57:58.852+0000] {manager.py:889} INFO - 
================================================================================
DAG File Processing Stats

File Path                                                                                                                         PID    Runtime      # DAGs    # Errors  Last Runtime    Last Run
--------------------------------------------------------------------------------------------------------------------------------  -----  ---------  --------  ----------  --------------  -------------------
/home/vscode/.local/lib/python3.10/site-packages/airflow/example_dags/example_branch_operator.py                                                           0           0
/home/vscode/.local/lib/python3.10/site-packages/airflow/example_dags/example_bash_operator.py                                                             0           0
/home/vscode/.local/lib/python3.10/site-packages/airflow/example_dags/example_setup_teardown.py                                                            0           0  0.11s           2025-02-27T17:57:53
/home/vscode/.local/lib/python3.10/site-packages/airflow/example_dags/example_local_kubernetes_executor.py                                                 0           0  0.11s           2025-02-27T17:57:54
/home/vscode/.local/lib/python3.10/site-packages/airflow/example_dags/example_branch_labels.py                                                             0           0
/home/vscode/.local/lib/python3.10/site-packages/airflow/example_dags/example_setup_teardown_taskflow.py                                                   0           0  0.10s           2025-02-27T17:57:38
/home/vscode/.local/lib/python3.10/site-packages/airflow/example_dags/example_sensor_decorator.py                                                          0           0
/home/vscode/.local/lib/python3.10/site-packages/airflow/example_dags/example_complex.py                                                                   0           0
/home/vscode/.local/lib/python3.10/site-packages/airflow/example_dags/example_datasets.py                                                                  0           0
/home/vscode/.local/lib/python3.10/site-packages/airflow/example_dags/example_dag_decorator.py                                                             0           0
/home/vscode/.local/lib/python3.10/site-packages/airflow/example_dags/example_latest_only.py                                                               0           0
/home/vscode/.local/lib/python3.10/site-packages/airflow/example_dags/example_sensors.py                                                                   0           0
/home/vscode/.local/lib/python3.10/site-packages/airflow/example_dags/example_branch_datetime_operator.py                                                  0           0
/home/vscode/.local/lib/python3.10/site-packages/airflow/example_dags/example_latest_only_with_trigger.py                                                  0           0
/home/vscode/.local/lib/python3.10/site-packages/airflow/example_dags/example_branch_day_of_week_operator.py                                               0           0
/home/vscode/.local/lib/python3.10/site-packages/airflow/example_dags/example_dynamic_task_mapping_with_no_taskflow_operators.py                           0           0
/home/vscode/.local/lib/python3.10/site-packages/airflow/example_dags/example_python_operator.py                                                           0           0
/home/vscode/.local/lib/python3.10/site-packages/airflow/example_dags/example_passing_params_via_test_command.py                                           0           0
/home/vscode/.local/lib/python3.10/site-packages/airflow/example_dags/example_kubernetes_executor.py                                                       0           0
/home/vscode/.local/lib/python3.10/site-packages/airflow/example_dags/example_branch_operator_decorator.py                                                 0           0
/home/vscode/.local/lib/python3.10/site-packages/airflow/example_dags/subdags/subdag.py                                                                    0           0  0.10s           2025-02-27T17:57:28
/home/vscode/.local/lib/python3.10/site-packages/airflow/example_dags/plugins/event_listener.py                                                            0           0  0.10s           2025-02-27T17:57:29
/home/vscode/.local/lib/python3.10/site-packages/airflow/example_dags/plugins/workday.py                                                                   0           0  0.10s           2025-02-27T17:57:30
/home/vscode/.local/lib/python3.10/site-packages/airflow/example_dags/plugins/listener_plugin.py                                                           0           0  0.11s           2025-02-27T17:57:32
/home/vscode/.local/lib/python3.10/site-packages/airflow/example_dags/example_params_trigger_ui.py                                                         1           0  0.20s           2025-02-27T17:57:51
/home/vscode/.local/lib/python3.10/site-packages/airflow/example_dags/tutorial.py                                                                          1           0  0.20s           2025-02-27T17:57:34
/home/vscode/.local/lib/python3.10/site-packages/airflow/example_dags/example_branch_python_dop_operator_3.py                                              1           0  0.20s           2025-02-27T17:57:55
/home/vscode/.local/lib/python3.10/site-packages/airflow/example_dags/tutorial_dag.py                                                                      1           0  0.20s           2025-02-27T17:57:36
/home/vscode/.local/lib/python3.10/site-packages/airflow/example_dags/example_skip_dag.py                                                                  1           0  0.20s           2025-02-27T17:57:37
/home/vscode/.local/lib/python3.10/site-packages/airflow/example_dags/example_dynamic_task_mapping.py                                                      1           0  0.20s           2025-02-27T17:57:57
/home/vscode/.local/lib/python3.10/site-packages/airflow/example_dags/example_trigger_controller_dag.py                                                    1           0  0.20s           2025-02-27T17:57:38
/home/vscode/.local/lib/python3.10/site-packages/airflow/example_dags/example_params_ui_tutorial.py                                                        1           0  0.20s           2025-02-27T17:57:58
/home/vscode/.local/lib/python3.10/site-packages/airflow/example_dags/example_sla_dag.py                                                                   1           0  0.20s           2025-02-27T17:57:41
/home/vscode/.local/lib/python3.10/site-packages/airflow/example_dags/example_nested_branch_dag.py                                                         1           0  0.20s           2025-02-27T17:57:58
/home/vscode/.local/lib/python3.10/site-packages/airflow/example_dags/example_task_group.py                                                                1           0  0.20s           2025-02-27T17:57:42
/home/vscode/.local/lib/python3.10/site-packages/airflow/example_dags/tutorial_taskflow_api.py                                                             1           0  0.20s           2025-02-27T17:57:43
/home/vscode/.local/lib/python3.10/site-packages/airflow/example_dags/example_time_delta_sensor_async.py                                                   1           0  0.31s           2025-02-27T17:57:44
/home/vscode/.local/lib/python3.10/site-packages/airflow/example_dags/example_trigger_target_dag.py                                                        1           0  0.20s           2025-02-27T17:57:45
/home/vscode/.local/lib/python3.10/site-packages/airflow/example_dags/example_short_circuit_decorator.py                                                   1           0  0.21s           2025-02-27T17:57:46
/home/vscode/.local/lib/python3.10/site-packages/airflow/example_dags/example_short_circuit_operator.py                                                    1           0  0.21s           2025-02-27T17:57:47
/home/vscode/.local/lib/python3.10/site-packages/airflow/example_dags/tutorial_taskflow_api_virtualenv.py                                                  1           0  0.20s           2025-02-27T17:57:48
/home/vscode/.local/lib/python3.10/site-packages/airflow/example_dags/example_xcom.py                                                                      1           0  0.20s           2025-02-27T17:57:49
/home/vscode/.local/lib/python3.10/site-packages/airflow/example_dags/example_task_group_decorator.py                                                      1           0  0.21s           2025-02-27T17:57:50
/home/vscode/.local/lib/python3.10/site-packages/airflow/example_dags/example_external_task_marker_dag.py                                                  2           0  0.21s           2025-02-27T17:57:54
/home/vscode/.local/lib/python3.10/site-packages/airflow/example_dags/example_xcomargs.py                                                                  2           0  0.20s           2025-02-27T17:57:40
/home/vscode/.local/lib/python3.10/site-packages/airflow/example_dags/example_subdag_operator.py                                                           3           0  0.54s           2025-02-27T17:57:33
================================================================================
[2025-02-27T17:58:29.130+0000] {manager.py:889} INFO - 
================================================================================
DAG File Processing Stats

File Path                                                                                                                         PID    Runtime      # DAGs    # Errors  Last Runtime    Last Run
--------------------------------------------------------------------------------------------------------------------------------  -----  ---------  --------  ----------  --------------  -------------------
/home/vscode/.local/lib/python3.10/site-packages/airflow/example_dags/example_setup_teardown.py                                                            0           0  0.11s           2025-02-27T17:57:53
/home/vscode/.local/lib/python3.10/site-packages/airflow/example_dags/example_local_kubernetes_executor.py                                                 0           0  0.11s           2025-02-27T17:57:54
/home/vscode/.local/lib/python3.10/site-packages/airflow/example_dags/example_setup_teardown_taskflow.py                                                   0           0  0.10s           2025-02-27T17:58:25
/home/vscode/.local/lib/python3.10/site-packages/airflow/example_dags/example_kubernetes_executor.py                                                       0           0  0.10s           2025-02-27T17:58:11
/home/vscode/.local/lib/python3.10/site-packages/airflow/example_dags/subdags/subdag.py                                                                    0           0  0.10s           2025-02-27T17:58:17
/home/vscode/.local/lib/python3.10/site-packages/airflow/example_dags/plugins/event_listener.py                                                            0           0  0.10s           2025-02-27T17:58:18
/home/vscode/.local/lib/python3.10/site-packages/airflow/example_dags/plugins/workday.py                                                                   0           0  0.10s           2025-02-27T17:58:19
/home/vscode/.local/lib/python3.10/site-packages/airflow/example_dags/plugins/listener_plugin.py                                                           0           0  0.10s           2025-02-27T17:58:20
/home/vscode/.local/lib/python3.10/site-packages/airflow/example_dags/example_branch_operator.py                                                           1           0  0.10s           2025-02-27T17:58:13
/home/vscode/.local/lib/python3.10/site-packages/airflow/example_dags/example_params_trigger_ui.py                                                         1           0  0.20s           2025-02-27T17:57:51
/home/vscode/.local/lib/python3.10/site-packages/airflow/example_dags/example_bash_operator.py                                                             1           0  0.10s           2025-02-27T17:58:13
/home/vscode/.local/lib/python3.10/site-packages/airflow/example_dags/tutorial.py                                                                          1           0  0.10s           2025-02-27T17:58:21
/home/vscode/.local/lib/python3.10/site-packages/airflow/example_dags/example_branch_python_dop_operator_3.py                                              1           0  0.20s           2025-02-27T17:57:55
/home/vscode/.local/lib/python3.10/site-packages/airflow/example_dags/tutorial_dag.py                                                                      1           0  0.10s           2025-02-27T17:58:22
/home/vscode/.local/lib/python3.10/site-packages/airflow/example_dags/example_skip_dag.py                                                                  1           0  0.10s           2025-02-27T17:58:23
/home/vscode/.local/lib/python3.10/site-packages/airflow/example_dags/example_dynamic_task_mapping.py                                                      1           0  0.20s           2025-02-27T17:57:57
/home/vscode/.local/lib/python3.10/site-packages/airflow/example_dags/example_trigger_controller_dag.py                                                    1           0  0.10s           2025-02-27T17:58:24
/home/vscode/.local/lib/python3.10/site-packages/airflow/example_dags/example_branch_labels.py                                                             1           0  0.10s           2025-02-27T17:58:15
/home/vscode/.local/lib/python3.10/site-packages/airflow/example_dags/example_params_ui_tutorial.py                                                        1           0  0.20s           2025-02-27T17:57:58
/home/vscode/.local/lib/python3.10/site-packages/airflow/example_dags/example_sla_dag.py                                                                   1           0  0.10s           2025-02-27T17:58:27
/home/vscode/.local/lib/python3.10/site-packages/airflow/example_dags/example_nested_branch_dag.py                                                         1           0  0.20s           2025-02-27T17:57:58
/home/vscode/.local/lib/python3.10/site-packages/airflow/example_dags/example_task_group.py                                                                1           0  0.11s           2025-02-27T17:58:28
/home/vscode/.local/lib/python3.10/site-packages/airflow/example_dags/example_sensor_decorator.py                                                          1           0  0.21s           2025-02-27T17:57:59
/home/vscode/.local/lib/python3.10/site-packages/airflow/example_dags/example_complex.py                                                                   1           0  0.20s           2025-02-27T17:58:01
/home/vscode/.local/lib/python3.10/site-packages/airflow/example_dags/example_dag_decorator.py                                                             1           0  0.21s           2025-02-27T17:58:03
/home/vscode/.local/lib/python3.10/site-packages/airflow/example_dags/tutorial_taskflow_api.py                                                             1           0  0.10s           2025-02-27T17:58:29
/home/vscode/.local/lib/python3.10/site-packages/airflow/example_dags/example_latest_only.py                                                               1           0  0.20s           2025-02-27T17:58:04
/home/vscode/.local/lib/python3.10/site-packages/airflow/example_dags/example_time_delta_sensor_async.py                                                   1           0  0.31s           2025-02-27T17:57:44
/home/vscode/.local/lib/python3.10/site-packages/airflow/example_dags/example_sensors.py                                                                   1           0  0.20s           2025-02-27T17:58:05
/home/vscode/.local/lib/python3.10/site-packages/airflow/example_dags/example_trigger_target_dag.py                                                        1           0  0.20s           2025-02-27T17:57:45
/home/vscode/.local/lib/python3.10/site-packages/airflow/example_dags/example_latest_only_with_trigger.py                                                  1           0  0.20s           2025-02-27T17:58:06
/home/vscode/.local/lib/python3.10/site-packages/airflow/example_dags/example_short_circuit_decorator.py                                                   1           0  0.21s           2025-02-27T17:57:46
/home/vscode/.local/lib/python3.10/site-packages/airflow/example_dags/example_branch_day_of_week_operator.py                                               1           0  0.10s           2025-02-27T17:58:16
/home/vscode/.local/lib/python3.10/site-packages/airflow/example_dags/example_dynamic_task_mapping_with_no_taskflow_operators.py                           1           0  0.20s           2025-02-27T17:58:07
/home/vscode/.local/lib/python3.10/site-packages/airflow/example_dags/example_short_circuit_operator.py                                                    1           0  0.21s           2025-02-27T17:57:47
/home/vscode/.local/lib/python3.10/site-packages/airflow/example_dags/tutorial_taskflow_api_virtualenv.py                                                  1           0  0.20s           2025-02-27T17:57:48
/home/vscode/.local/lib/python3.10/site-packages/airflow/example_dags/example_python_operator.py                                                           1           0  0.30s           2025-02-27T17:58:08
/home/vscode/.local/lib/python3.10/site-packages/airflow/example_dags/example_passing_params_via_test_command.py                                           1           0  0.20s           2025-02-27T17:58:10
/home/vscode/.local/lib/python3.10/site-packages/airflow/example_dags/example_branch_operator_decorator.py                                                 1           0  0.10s           2025-02-27T17:58:12
/home/vscode/.local/lib/python3.10/site-packages/airflow/example_dags/example_xcom.py                                                                      1           0  0.20s           2025-02-27T17:57:49
/home/vscode/.local/lib/python3.10/site-packages/airflow/example_dags/example_task_group_decorator.py                                                      1           0  0.21s           2025-02-27T17:57:50
/home/vscode/.local/lib/python3.10/site-packages/airflow/example_dags/example_external_task_marker_dag.py                                                  2           0  0.21s           2025-02-27T17:57:54
/home/vscode/.local/lib/python3.10/site-packages/airflow/example_dags/example_xcomargs.py                                                                  2           0  0.10s           2025-02-27T17:58:26
/home/vscode/.local/lib/python3.10/site-packages/airflow/example_dags/example_subdag_operator.py                                                           3           0  0.10s           2025-02-27T17:58:20
/home/vscode/.local/lib/python3.10/site-packages/airflow/example_dags/example_branch_datetime_operator.py                                                  3           0  0.10s           2025-02-27T17:58:15
/home/vscode/.local/lib/python3.10/site-packages/airflow/example_dags/example_datasets.py                                                                  6           0  0.20s           2025-02-27T17:58:02
================================================================================
[2025-02-27T17:58:59.403+0000] {manager.py:889} INFO - 
================================================================================
DAG File Processing Stats

File Path                                                                                                                         PID    Runtime      # DAGs    # Errors  Last Runtime    Last Run
--------------------------------------------------------------------------------------------------------------------------------  -----  ---------  --------  ----------  --------------  -------------------
/home/vscode/.local/lib/python3.10/site-packages/airflow/example_dags/example_setup_teardown.py                                                            0           0  0.11s           2025-02-27T17:58:38
/home/vscode/.local/lib/python3.10/site-packages/airflow/example_dags/example_local_kubernetes_executor.py                                                 0           0  0.10s           2025-02-27T17:58:40
/home/vscode/.local/lib/python3.10/site-packages/airflow/example_dags/example_setup_teardown_taskflow.py                                                   0           0  0.10s           2025-02-27T17:58:25
/home/vscode/.local/lib/python3.10/site-packages/airflow/example_dags/example_kubernetes_executor.py                                                       0           0  0.10s           2025-02-27T17:58:56
/home/vscode/.local/lib/python3.10/site-packages/airflow/example_dags/subdags/subdag.py                                                                    0           0  0.10s           2025-02-27T17:58:48
/home/vscode/.local/lib/python3.10/site-packages/airflow/example_dags/plugins/event_listener.py                                                            0           0  0.10s           2025-02-27T17:58:18
/home/vscode/.local/lib/python3.10/site-packages/airflow/example_dags/plugins/workday.py                                                                   0           0  0.10s           2025-02-27T17:58:19
/home/vscode/.local/lib/python3.10/site-packages/airflow/example_dags/plugins/listener_plugin.py                                                           0           0  0.10s           2025-02-27T17:58:20
/home/vscode/.local/lib/python3.10/site-packages/airflow/example_dags/example_branch_operator.py                                                           1           0  0.10s           2025-02-27T17:58:58
/home/vscode/.local/lib/python3.10/site-packages/airflow/example_dags/example_params_trigger_ui.py                                                         1           0  0.10s           2025-02-27T17:58:36
/home/vscode/.local/lib/python3.10/site-packages/airflow/example_dags/example_bash_operator.py                                                             1           0  0.10s           2025-02-27T17:58:59
/home/vscode/.local/lib/python3.10/site-packages/airflow/example_dags/tutorial.py                                                                          1           0  0.10s           2025-02-27T17:58:21
/home/vscode/.local/lib/python3.10/site-packages/airflow/example_dags/example_branch_python_dop_operator_3.py                                              1           0  0.21s           2025-02-27T17:58:41
/home/vscode/.local/lib/python3.10/site-packages/airflow/example_dags/tutorial_dag.py                                                                      1           0  0.10s           2025-02-27T17:58:22
/home/vscode/.local/lib/python3.10/site-packages/airflow/example_dags/example_skip_dag.py                                                                  1           0  0.10s           2025-02-27T17:58:23
/home/vscode/.local/lib/python3.10/site-packages/airflow/example_dags/example_dynamic_task_mapping.py                                                      1           0  0.10s           2025-02-27T17:58:42
/home/vscode/.local/lib/python3.10/site-packages/airflow/example_dags/example_trigger_controller_dag.py                                                    1           0  0.10s           2025-02-27T17:58:24
/home/vscode/.local/lib/python3.10/site-packages/airflow/example_dags/example_branch_labels.py                                                             1           0  0.10s           2025-02-27T17:58:15
/home/vscode/.local/lib/python3.10/site-packages/airflow/example_dags/example_params_ui_tutorial.py                                                        1           0  0.11s           2025-02-27T17:58:43
/home/vscode/.local/lib/python3.10/site-packages/airflow/example_dags/example_sla_dag.py                                                                   1           0  0.10s           2025-02-27T17:58:27
/home/vscode/.local/lib/python3.10/site-packages/airflow/example_dags/example_nested_branch_dag.py                                                         1           0  0.10s           2025-02-27T17:58:44
/home/vscode/.local/lib/python3.10/site-packages/airflow/example_dags/example_task_group.py                                                                1           0  0.11s           2025-02-27T17:58:28
/home/vscode/.local/lib/python3.10/site-packages/airflow/example_dags/example_sensor_decorator.py                                                          1           0  0.10s           2025-02-27T17:58:45
/home/vscode/.local/lib/python3.10/site-packages/airflow/example_dags/example_complex.py                                                                   1           0  0.10s           2025-02-27T17:58:46
/home/vscode/.local/lib/python3.10/site-packages/airflow/example_dags/example_dag_decorator.py                                                             1           0  0.21s           2025-02-27T17:58:49
/home/vscode/.local/lib/python3.10/site-packages/airflow/example_dags/tutorial_taskflow_api.py                                                             1           0  0.10s           2025-02-27T17:58:29
/home/vscode/.local/lib/python3.10/site-packages/airflow/example_dags/example_latest_only.py                                                               1           0  0.10s           2025-02-27T17:58:50
/home/vscode/.local/lib/python3.10/site-packages/airflow/example_dags/example_time_delta_sensor_async.py                                                   1           0  0.10s           2025-02-27T17:58:30
/home/vscode/.local/lib/python3.10/site-packages/airflow/example_dags/example_sensors.py                                                                   1           0  0.10s           2025-02-27T17:58:51
/home/vscode/.local/lib/python3.10/site-packages/airflow/example_dags/example_trigger_target_dag.py                                                        1           0  0.10s           2025-02-27T17:58:30
/home/vscode/.local/lib/python3.10/site-packages/airflow/example_dags/example_latest_only_with_trigger.py                                                  1           0  0.10s           2025-02-27T17:58:52
/home/vscode/.local/lib/python3.10/site-packages/airflow/example_dags/example_short_circuit_decorator.py                                                   1           0  0.10s           2025-02-27T17:58:31
/home/vscode/.local/lib/python3.10/site-packages/airflow/example_dags/example_branch_day_of_week_operator.py                                               1           0  0.10s           2025-02-27T17:58:16
/home/vscode/.local/lib/python3.10/site-packages/airflow/example_dags/example_dynamic_task_mapping_with_no_taskflow_operators.py                           1           0  0.10s           2025-02-27T17:58:53
/home/vscode/.local/lib/python3.10/site-packages/airflow/example_dags/example_short_circuit_operator.py                                                    1           0  0.10s           2025-02-27T17:58:32
/home/vscode/.local/lib/python3.10/site-packages/airflow/example_dags/tutorial_taskflow_api_virtualenv.py                                                  1           0  0.10s           2025-02-27T17:58:34
/home/vscode/.local/lib/python3.10/site-packages/airflow/example_dags/example_python_operator.py                                                           1           0  0.10s           2025-02-27T17:58:54
/home/vscode/.local/lib/python3.10/site-packages/airflow/example_dags/example_passing_params_via_test_command.py                                           1           0  0.10s           2025-02-27T17:58:55
/home/vscode/.local/lib/python3.10/site-packages/airflow/example_dags/example_branch_operator_decorator.py                                                 1           0  0.22s           2025-02-27T17:58:57
/home/vscode/.local/lib/python3.10/site-packages/airflow/example_dags/example_xcom.py                                                                      1           0  0.10s           2025-02-27T17:58:35
/home/vscode/.local/lib/python3.10/site-packages/airflow/example_dags/example_task_group_decorator.py                                                      1           0  0.10s           2025-02-27T17:58:35
/home/vscode/.local/lib/python3.10/site-packages/airflow/example_dags/example_external_task_marker_dag.py                                                  2           0  0.10s           2025-02-27T17:58:39
/home/vscode/.local/lib/python3.10/site-packages/airflow/example_dags/example_xcomargs.py                                                                  2           0  0.10s           2025-02-27T17:58:26
/home/vscode/.local/lib/python3.10/site-packages/airflow/example_dags/example_subdag_operator.py                                                           3           0  0.10s           2025-02-27T17:58:20
/home/vscode/.local/lib/python3.10/site-packages/airflow/example_dags/example_branch_datetime_operator.py                                                  3           0  0.10s           2025-02-27T17:58:15
/home/vscode/.local/lib/python3.10/site-packages/airflow/example_dags/example_datasets.py                                                                  6           0  0.10s           2025-02-27T17:58:47
================================================================================
[2025-02-27T17:59:29.685+0000] {manager.py:889} INFO - 
================================================================================
DAG File Processing Stats

File Path                                                                                                                         PID    Runtime      # DAGs    # Errors  Last Runtime    Last Run
--------------------------------------------------------------------------------------------------------------------------------  -----  ---------  --------  ----------  --------------  -------------------
/home/vscode/.local/lib/python3.10/site-packages/airflow/example_dags/example_setup_teardown.py                                                            0           0  0.10s           2025-02-27T17:59:23
/home/vscode/.local/lib/python3.10/site-packages/airflow/example_dags/example_local_kubernetes_executor.py                                                 0           0  0.10s           2025-02-27T17:59:25
/home/vscode/.local/lib/python3.10/site-packages/airflow/example_dags/example_setup_teardown_taskflow.py                                                   0           0  0.10s           2025-02-27T17:59:10
/home/vscode/.local/lib/python3.10/site-packages/airflow/example_dags/example_kubernetes_executor.py                                                       0           0  0.10s           2025-02-27T17:58:56
/home/vscode/.local/lib/python3.10/site-packages/airflow/example_dags/subdags/subdag.py                                                                    0           0  0.10s           2025-02-27T17:58:48
/home/vscode/.local/lib/python3.10/site-packages/airflow/example_dags/plugins/event_listener.py                                                            0           0  0.10s           2025-02-27T17:59:02
/home/vscode/.local/lib/python3.10/site-packages/airflow/example_dags/plugins/workday.py                                                                   0           0  0.10s           2025-02-27T17:59:03
/home/vscode/.local/lib/python3.10/site-packages/airflow/example_dags/plugins/listener_plugin.py                                                           0           0  0.11s           2025-02-27T17:59:05
/home/vscode/.local/lib/python3.10/site-packages/airflow/example_dags/example_branch_operator.py                                                           1           0  0.10s           2025-02-27T17:58:58
/home/vscode/.local/lib/python3.10/site-packages/airflow/example_dags/example_params_trigger_ui.py                                                         1           0  0.10s           2025-02-27T17:59:22
/home/vscode/.local/lib/python3.10/site-packages/airflow/example_dags/example_bash_operator.py                                                             1           0  0.10s           2025-02-27T17:58:59
/home/vscode/.local/lib/python3.10/site-packages/airflow/example_dags/tutorial.py                                                                          1           0  0.10s           2025-02-27T17:59:06
/home/vscode/.local/lib/python3.10/site-packages/airflow/example_dags/example_branch_python_dop_operator_3.py                                              1           0  0.10s           2025-02-27T17:59:26
/home/vscode/.local/lib/python3.10/site-packages/airflow/example_dags/tutorial_dag.py                                                                      1           0  0.10s           2025-02-27T17:59:07
/home/vscode/.local/lib/python3.10/site-packages/airflow/example_dags/example_skip_dag.py                                                                  1           0  0.10s           2025-02-27T17:59:09
/home/vscode/.local/lib/python3.10/site-packages/airflow/example_dags/example_dynamic_task_mapping.py                                                      1           0  0.10s           2025-02-27T17:59:27
/home/vscode/.local/lib/python3.10/site-packages/airflow/example_dags/example_trigger_controller_dag.py                                                    1           0  0.10s           2025-02-27T17:59:09
/home/vscode/.local/lib/python3.10/site-packages/airflow/example_dags/example_branch_labels.py                                                             1           0  0.11s           2025-02-27T17:58:59
/home/vscode/.local/lib/python3.10/site-packages/airflow/example_dags/example_params_ui_tutorial.py                                                        1           0  0.10s           2025-02-27T17:59:28
/home/vscode/.local/lib/python3.10/site-packages/airflow/example_dags/example_sla_dag.py                                                                   1           0  0.10s           2025-02-27T17:59:13
/home/vscode/.local/lib/python3.10/site-packages/airflow/example_dags/example_nested_branch_dag.py                                                         1           0  0.10s           2025-02-27T17:59:28
/home/vscode/.local/lib/python3.10/site-packages/airflow/example_dags/example_task_group.py                                                                1           0  0.10s           2025-02-27T17:59:14
/home/vscode/.local/lib/python3.10/site-packages/airflow/example_dags/example_sensor_decorator.py                                                          1           0  0.11s           2025-02-27T17:59:29
/home/vscode/.local/lib/python3.10/site-packages/airflow/example_dags/example_complex.py                                                                   1           0  0.10s           2025-02-27T17:58:46
/home/vscode/.local/lib/python3.10/site-packages/airflow/example_dags/example_dag_decorator.py                                                             1           0  0.21s           2025-02-27T17:58:49
/home/vscode/.local/lib/python3.10/site-packages/airflow/example_dags/tutorial_taskflow_api.py                                                             1           0  0.10s           2025-02-27T17:59:14
/home/vscode/.local/lib/python3.10/site-packages/airflow/example_dags/example_latest_only.py                                                               1           0  0.10s           2025-02-27T17:58:50
/home/vscode/.local/lib/python3.10/site-packages/airflow/example_dags/example_time_delta_sensor_async.py                                                   1           0  0.10s           2025-02-27T17:59:15
/home/vscode/.local/lib/python3.10/site-packages/airflow/example_dags/example_sensors.py                                                                   1           0  0.10s           2025-02-27T17:58:51
/home/vscode/.local/lib/python3.10/site-packages/airflow/example_dags/example_trigger_target_dag.py                                                        1           0  0.10s           2025-02-27T17:59:16
/home/vscode/.local/lib/python3.10/site-packages/airflow/example_dags/example_latest_only_with_trigger.py                                                  1           0  0.10s           2025-02-27T17:58:52
/home/vscode/.local/lib/python3.10/site-packages/airflow/example_dags/example_short_circuit_decorator.py                                                   1           0  0.11s           2025-02-27T17:59:17
/home/vscode/.local/lib/python3.10/site-packages/airflow/example_dags/example_branch_day_of_week_operator.py                                               1           0  0.10s           2025-02-27T17:59:01
/home/vscode/.local/lib/python3.10/site-packages/airflow/example_dags/example_dynamic_task_mapping_with_no_taskflow_operators.py                           1           0  0.10s           2025-02-27T17:58:53
/home/vscode/.local/lib/python3.10/site-packages/airflow/example_dags/example_short_circuit_operator.py                                                    1           0  0.10s           2025-02-27T17:59:18
/home/vscode/.local/lib/python3.10/site-packages/airflow/example_dags/tutorial_taskflow_api_virtualenv.py                                                  1           0  0.10s           2025-02-27T17:59:19
/home/vscode/.local/lib/python3.10/site-packages/airflow/example_dags/example_python_operator.py                                                           1           0  0.10s           2025-02-27T17:58:54
/home/vscode/.local/lib/python3.10/site-packages/airflow/example_dags/example_passing_params_via_test_command.py                                           1           0  0.10s           2025-02-27T17:58:55
/home/vscode/.local/lib/python3.10/site-packages/airflow/example_dags/example_branch_operator_decorator.py                                                 1           0  0.22s           2025-02-27T17:58:57
/home/vscode/.local/lib/python3.10/site-packages/airflow/example_dags/example_xcom.py                                                                      1           0  0.10s           2025-02-27T17:59:19
/home/vscode/.local/lib/python3.10/site-packages/airflow/example_dags/example_task_group_decorator.py                                                      1           0  0.10s           2025-02-27T17:59:21
/home/vscode/.local/lib/python3.10/site-packages/airflow/example_dags/example_external_task_marker_dag.py                                                  2           0  0.10s           2025-02-27T17:59:24
/home/vscode/.local/lib/python3.10/site-packages/airflow/example_dags/example_xcomargs.py                                                                  2           0  0.10s           2025-02-27T17:59:11
/home/vscode/.local/lib/python3.10/site-packages/airflow/example_dags/example_subdag_operator.py                                                           3           0  0.11s           2025-02-27T17:59:06
/home/vscode/.local/lib/python3.10/site-packages/airflow/example_dags/example_branch_datetime_operator.py                                                  3           0  0.10s           2025-02-27T17:59:00
/home/vscode/.local/lib/python3.10/site-packages/airflow/example_dags/example_datasets.py                                                                  6           0  0.10s           2025-02-27T17:58:47
================================================================================
[2025-02-27T17:59:59.978+0000] {manager.py:889} INFO - 
================================================================================
DAG File Processing Stats

File Path                                                                                                                         PID    Runtime      # DAGs    # Errors  Last Runtime    Last Run
--------------------------------------------------------------------------------------------------------------------------------  -----  ---------  --------  ----------  --------------  -------------------
/home/vscode/.local/lib/python3.10/site-packages/airflow/example_dags/example_setup_teardown.py                                                            0           0  0.10s           2025-02-27T17:59:23
/home/vscode/.local/lib/python3.10/site-packages/airflow/example_dags/example_local_kubernetes_executor.py                                                 0           0  0.10s           2025-02-27T17:59:25
/home/vscode/.local/lib/python3.10/site-packages/airflow/example_dags/example_setup_teardown_taskflow.py                                                   0           0  0.10s           2025-02-27T17:59:54
/home/vscode/.local/lib/python3.10/site-packages/airflow/example_dags/example_kubernetes_executor.py                                                       0           0  0.10s           2025-02-27T17:59:40
/home/vscode/.local/lib/python3.10/site-packages/airflow/example_dags/subdags/subdag.py                                                                    0           0  0.10s           2025-02-27T17:59:32
/home/vscode/.local/lib/python3.10/site-packages/airflow/example_dags/plugins/event_listener.py                                                            0           0  0.10s           2025-02-27T17:59:47
/home/vscode/.local/lib/python3.10/site-packages/airflow/example_dags/plugins/workday.py                                                                   0           0  0.10s           2025-02-27T17:59:47
/home/vscode/.local/lib/python3.10/site-packages/airflow/example_dags/plugins/listener_plugin.py                                                           0           0  0.10s           2025-02-27T17:59:48
/home/vscode/.local/lib/python3.10/site-packages/airflow/example_dags/example_branch_operator.py                                                           1           0  0.10s           2025-02-27T17:59:42
/home/vscode/.local/lib/python3.10/site-packages/airflow/example_dags/example_params_trigger_ui.py                                                         1           0  0.10s           2025-02-27T17:59:22
/home/vscode/.local/lib/python3.10/site-packages/airflow/example_dags/example_bash_operator.py                                                             1           0  0.10s           2025-02-27T17:59:42
/home/vscode/.local/lib/python3.10/site-packages/airflow/example_dags/tutorial.py                                                                          1           0  0.10s           2025-02-27T17:59:50
/home/vscode/.local/lib/python3.10/site-packages/airflow/example_dags/example_branch_python_dop_operator_3.py                                              1           0  0.10s           2025-02-27T17:59:26
/home/vscode/.local/lib/python3.10/site-packages/airflow/example_dags/tutorial_dag.py                                                                      1           0  0.10s           2025-02-27T17:59:51
/home/vscode/.local/lib/python3.10/site-packages/airflow/example_dags/example_skip_dag.py                                                                  1           0  0.10s           2025-02-27T17:59:52
/home/vscode/.local/lib/python3.10/site-packages/airflow/example_dags/example_dynamic_task_mapping.py                                                      1           0  0.10s           2025-02-27T17:59:27
/home/vscode/.local/lib/python3.10/site-packages/airflow/example_dags/example_trigger_controller_dag.py                                                    1           0  0.10s           2025-02-27T17:59:52
/home/vscode/.local/lib/python3.10/site-packages/airflow/example_dags/example_branch_labels.py                                                             1           0  0.11s           2025-02-27T17:59:43
/home/vscode/.local/lib/python3.10/site-packages/airflow/example_dags/example_params_ui_tutorial.py                                                        1           0  0.10s           2025-02-27T17:59:28
/home/vscode/.local/lib/python3.10/site-packages/airflow/example_dags/example_sla_dag.py                                                                   1           0  0.10s           2025-02-27T17:59:56
/home/vscode/.local/lib/python3.10/site-packages/airflow/example_dags/example_nested_branch_dag.py                                                         1           0  0.10s           2025-02-27T17:59:28
/home/vscode/.local/lib/python3.10/site-packages/airflow/example_dags/example_task_group.py                                                                1           0  0.10s           2025-02-27T17:59:57
/home/vscode/.local/lib/python3.10/site-packages/airflow/example_dags/example_sensor_decorator.py                                                          1           0  0.11s           2025-02-27T17:59:29
/home/vscode/.local/lib/python3.10/site-packages/airflow/example_dags/example_complex.py                                                                   1           0  0.10s           2025-02-27T17:59:30
/home/vscode/.local/lib/python3.10/site-packages/airflow/example_dags/example_dag_decorator.py                                                             1           0  0.20s           2025-02-27T17:59:33
/home/vscode/.local/lib/python3.10/site-packages/airflow/example_dags/tutorial_taskflow_api.py                                                             1           0  0.10s           2025-02-27T17:59:58
/home/vscode/.local/lib/python3.10/site-packages/airflow/example_dags/example_latest_only.py                                                               1           0  0.10s           2025-02-27T17:59:34
/home/vscode/.local/lib/python3.10/site-packages/airflow/example_dags/example_time_delta_sensor_async.py                                                   1           0  0.10s           2025-02-27T17:59:59
/home/vscode/.local/lib/python3.10/site-packages/airflow/example_dags/example_sensors.py                                                                   1           0  0.10s           2025-02-27T17:59:35
/home/vscode/.local/lib/python3.10/site-packages/airflow/example_dags/example_trigger_target_dag.py                                                        1           0  0.10s           2025-02-27T17:59:59
/home/vscode/.local/lib/python3.10/site-packages/airflow/example_dags/example_latest_only_with_trigger.py                                                  1           0  0.10s           2025-02-27T17:59:36
/home/vscode/.local/lib/python3.10/site-packages/airflow/example_dags/example_short_circuit_decorator.py                                                   1           0  0.11s           2025-02-27T17:59:17
/home/vscode/.local/lib/python3.10/site-packages/airflow/example_dags/example_branch_day_of_week_operator.py                                               1           0  0.10s           2025-02-27T17:59:45
/home/vscode/.local/lib/python3.10/site-packages/airflow/example_dags/example_dynamic_task_mapping_with_no_taskflow_operators.py                           1           0  0.10s           2025-02-27T17:59:37
/home/vscode/.local/lib/python3.10/site-packages/airflow/example_dags/example_short_circuit_operator.py                                                    1           0  0.10s           2025-02-27T17:59:18
/home/vscode/.local/lib/python3.10/site-packages/airflow/example_dags/tutorial_taskflow_api_virtualenv.py                                                  1           0  0.10s           2025-02-27T17:59:19
/home/vscode/.local/lib/python3.10/site-packages/airflow/example_dags/example_python_operator.py                                                           1           0  0.10s           2025-02-27T17:59:38
/home/vscode/.local/lib/python3.10/site-packages/airflow/example_dags/example_passing_params_via_test_command.py                                           1           0  0.10s           2025-02-27T17:59:39
/home/vscode/.local/lib/python3.10/site-packages/airflow/example_dags/example_branch_operator_decorator.py                                                 1           0  0.10s           2025-02-27T17:59:41
/home/vscode/.local/lib/python3.10/site-packages/airflow/example_dags/example_xcom.py                                                                      1           0  0.10s           2025-02-27T17:59:19
/home/vscode/.local/lib/python3.10/site-packages/airflow/example_dags/example_task_group_decorator.py                                                      1           0  0.10s           2025-02-27T17:59:21
/home/vscode/.local/lib/python3.10/site-packages/airflow/example_dags/example_external_task_marker_dag.py                                                  2           0  0.10s           2025-02-27T17:59:24
/home/vscode/.local/lib/python3.10/site-packages/airflow/example_dags/example_xcomargs.py                                                                  2           0  0.10s           2025-02-27T17:59:55
/home/vscode/.local/lib/python3.10/site-packages/airflow/example_dags/example_subdag_operator.py                                                           3           0  0.10s           2025-02-27T17:59:50
/home/vscode/.local/lib/python3.10/site-packages/airflow/example_dags/example_branch_datetime_operator.py                                                  3           0  0.10s           2025-02-27T17:59:44
/home/vscode/.local/lib/python3.10/site-packages/airflow/example_dags/example_datasets.py                                                                  6           0  0.10s           2025-02-27T17:59:31
================================================================================
[2025-02-27T18:00:30.260+0000] {manager.py:889} INFO - 
================================================================================
DAG File Processing Stats

File Path                                                                                                                         PID    Runtime      # DAGs    # Errors  Last Runtime    Last Run
--------------------------------------------------------------------------------------------------------------------------------  -----  ---------  --------  ----------  --------------  -------------------
/home/vscode/.local/lib/python3.10/site-packages/airflow/example_dags/example_setup_teardown.py                                                            0           0  0.10s           2025-02-27T18:00:06
/home/vscode/.local/lib/python3.10/site-packages/airflow/example_dags/example_local_kubernetes_executor.py                                                 0           0  0.10s           2025-02-27T18:00:08
/home/vscode/.local/lib/python3.10/site-packages/airflow/example_dags/example_setup_teardown_taskflow.py                                                   0           0  0.10s           2025-02-27T17:59:54
/home/vscode/.local/lib/python3.10/site-packages/airflow/example_dags/example_kubernetes_executor.py                                                       0           0  0.10s           2025-02-27T18:00:24
/home/vscode/.local/lib/python3.10/site-packages/airflow/example_dags/subdags/subdag.py                                                                    0           0  0.10s           2025-02-27T18:00:15
/home/vscode/.local/lib/python3.10/site-packages/airflow/example_dags/plugins/event_listener.py                                                            0           0  0.10s           2025-02-27T18:00:30
/home/vscode/.local/lib/python3.10/site-packages/airflow/example_dags/plugins/workday.py                                                                   0           0  0.10s           2025-02-27T17:59:47
/home/vscode/.local/lib/python3.10/site-packages/airflow/example_dags/plugins/listener_plugin.py                                                           0           0  0.10s           2025-02-27T17:59:48
/home/vscode/.local/lib/python3.10/site-packages/airflow/example_dags/example_branch_operator.py                                                           1           0  0.10s           2025-02-27T18:00:27
/home/vscode/.local/lib/python3.10/site-packages/airflow/example_dags/example_params_trigger_ui.py                                                         1           0  0.10s           2025-02-27T18:00:05
/home/vscode/.local/lib/python3.10/site-packages/airflow/example_dags/example_bash_operator.py                                                             1           0  0.10s           2025-02-27T18:00:28
/home/vscode/.local/lib/python3.10/site-packages/airflow/example_dags/tutorial.py                                                                          1           0  0.10s           2025-02-27T17:59:50
/home/vscode/.local/lib/python3.10/site-packages/airflow/example_dags/example_branch_python_dop_operator_3.py                                              1           0  0.10s           2025-02-27T18:00:09
/home/vscode/.local/lib/python3.10/site-packages/airflow/example_dags/tutorial_dag.py                                                                      1           0  0.10s           2025-02-27T17:59:51
/home/vscode/.local/lib/python3.10/site-packages/airflow/example_dags/example_skip_dag.py                                                                  1           0  0.10s           2025-02-27T17:59:52
/home/vscode/.local/lib/python3.10/site-packages/airflow/example_dags/example_dynamic_task_mapping.py                                                      1           0  0.11s           2025-02-27T18:00:10
/home/vscode/.local/lib/python3.10/site-packages/airflow/example_dags/example_trigger_controller_dag.py                                                    1           0  0.10s           2025-02-27T17:59:52
/home/vscode/.local/lib/python3.10/site-packages/airflow/example_dags/example_branch_labels.py                                                             1           0  0.10s           2025-02-27T18:00:28
/home/vscode/.local/lib/python3.10/site-packages/airflow/example_dags/example_params_ui_tutorial.py                                                        1           0  0.10s           2025-02-27T18:00:11
/home/vscode/.local/lib/python3.10/site-packages/airflow/example_dags/example_sla_dag.py                                                                   1           0  0.10s           2025-02-27T17:59:56
/home/vscode/.local/lib/python3.10/site-packages/airflow/example_dags/example_nested_branch_dag.py                                                         1           0  0.11s           2025-02-27T18:00:12
/home/vscode/.local/lib/python3.10/site-packages/airflow/example_dags/example_task_group.py                                                                1           0  0.10s           2025-02-27T17:59:57
/home/vscode/.local/lib/python3.10/site-packages/airflow/example_dags/example_sensor_decorator.py                                                          1           0  0.10s           2025-02-27T18:00:13
/home/vscode/.local/lib/python3.10/site-packages/airflow/example_dags/example_complex.py                                                                   1           0  0.10s           2025-02-27T18:00:14
/home/vscode/.local/lib/python3.10/site-packages/airflow/example_dags/example_dag_decorator.py                                                             1           0  0.20s           2025-02-27T18:00:17
/home/vscode/.local/lib/python3.10/site-packages/airflow/example_dags/tutorial_taskflow_api.py                                                             1           0  0.10s           2025-02-27T17:59:58
/home/vscode/.local/lib/python3.10/site-packages/airflow/example_dags/example_latest_only.py                                                               1           0  0.10s           2025-02-27T18:00:18
/home/vscode/.local/lib/python3.10/site-packages/airflow/example_dags/example_time_delta_sensor_async.py                                                   1           0  0.10s           2025-02-27T17:59:59
/home/vscode/.local/lib/python3.10/site-packages/airflow/example_dags/example_sensors.py                                                                   1           0  0.10s           2025-02-27T18:00:19
/home/vscode/.local/lib/python3.10/site-packages/airflow/example_dags/example_trigger_target_dag.py                                                        1           0  0.10s           2025-02-27T17:59:59
/home/vscode/.local/lib/python3.10/site-packages/airflow/example_dags/example_latest_only_with_trigger.py                                                  1           0  0.10s           2025-02-27T18:00:20
/home/vscode/.local/lib/python3.10/site-packages/airflow/example_dags/example_short_circuit_decorator.py                                                   1           0  0.10s           2025-02-27T18:00:00
/home/vscode/.local/lib/python3.10/site-packages/airflow/example_dags/example_branch_day_of_week_operator.py                                               1           0  0.10s           2025-02-27T17:59:45
/home/vscode/.local/lib/python3.10/site-packages/airflow/example_dags/example_dynamic_task_mapping_with_no_taskflow_operators.py                           1           0  0.10s           2025-02-27T18:00:21
/home/vscode/.local/lib/python3.10/site-packages/airflow/example_dags/example_short_circuit_operator.py                                                    1           0  0.10s           2025-02-27T18:00:01
/home/vscode/.local/lib/python3.10/site-packages/airflow/example_dags/tutorial_taskflow_api_virtualenv.py                                                  1           0  0.11s           2025-02-27T18:00:02
/home/vscode/.local/lib/python3.10/site-packages/airflow/example_dags/example_python_operator.py                                                           1           0  0.10s           2025-02-27T18:00:22
/home/vscode/.local/lib/python3.10/site-packages/airflow/example_dags/example_passing_params_via_test_command.py                                           1           0  0.10s           2025-02-27T18:00:23
/home/vscode/.local/lib/python3.10/site-packages/airflow/example_dags/example_branch_operator_decorator.py                                                 1           0  0.10s           2025-02-27T18:00:26
/home/vscode/.local/lib/python3.10/site-packages/airflow/example_dags/example_xcom.py                                                                      1           0  0.10s           2025-02-27T18:00:03
/home/vscode/.local/lib/python3.10/site-packages/airflow/example_dags/example_task_group_decorator.py                                                      1           0  0.11s           2025-02-27T18:00:04
/home/vscode/.local/lib/python3.10/site-packages/airflow/example_dags/example_external_task_marker_dag.py                                                  2           0  0.10s           2025-02-27T18:00:07
/home/vscode/.local/lib/python3.10/site-packages/airflow/example_dags/example_xcomargs.py                                                                  2           0  0.10s           2025-02-27T17:59:55
/home/vscode/.local/lib/python3.10/site-packages/airflow/example_dags/example_subdag_operator.py                                                           3           0  0.10s           2025-02-27T17:59:50
/home/vscode/.local/lib/python3.10/site-packages/airflow/example_dags/example_branch_datetime_operator.py                                                  3           0  0.10s           2025-02-27T18:00:29
/home/vscode/.local/lib/python3.10/site-packages/airflow/example_dags/example_datasets.py                                                                  6           0  0.10s           2025-02-27T18:00:16
================================================================================
[2025-02-27T18:00:47.082+0000] {manager.py:470} INFO - Exiting gracefully upon receiving signal 15
[2025-02-27T18:01:27.790+0000] {manager.py:487} INFO - Processing files using up to 1 processes at a time 
[2025-02-27T18:01:27.790+0000] {manager.py:488} INFO - Process each file at most once every 30 seconds
[2025-02-27T18:01:27.790+0000] {manager.py:489} INFO - Checking for new files in /workspaces/hands-on-introduction-data-engineering-4395021/airflow/dags every 300 seconds
[2025-02-27T18:01:27.791+0000] {manager.py:758} INFO - Searching for files in /workspaces/hands-on-introduction-data-engineering-4395021/airflow/dags
[2025-02-27T18:01:27.792+0000] {manager.py:761} INFO - There are 0 files in /workspaces/hands-on-introduction-data-engineering-4395021/airflow/dags
[2025-02-27T18:06:27.804+0000] {manager.py:758} INFO - Searching for files in /workspaces/hands-on-introduction-data-engineering-4395021/airflow/dags
[2025-02-27T18:06:27.805+0000] {manager.py:761} INFO - There are 0 files in /workspaces/hands-on-introduction-data-engineering-4395021/airflow/dags
[2025-02-27T18:11:27.844+0000] {manager.py:758} INFO - Searching for files in /workspaces/hands-on-introduction-data-engineering-4395021/airflow/dags
[2025-02-27T18:11:27.845+0000] {manager.py:761} INFO - There are 0 files in /workspaces/hands-on-introduction-data-engineering-4395021/airflow/dags
[2025-02-27T18:16:27.884+0000] {manager.py:758} INFO - Searching for files in /workspaces/hands-on-introduction-data-engineering-4395021/airflow/dags
[2025-02-27T18:16:27.885+0000] {manager.py:761} INFO - There are 0 files in /workspaces/hands-on-introduction-data-engineering-4395021/airflow/dags
[2025-02-27T18:21:27.925+0000] {manager.py:758} INFO - Searching for files in /workspaces/hands-on-introduction-data-engineering-4395021/airflow/dags
[2025-02-27T18:21:27.926+0000] {manager.py:761} INFO - There are 0 files in /workspaces/hands-on-introduction-data-engineering-4395021/airflow/dags
[2025-02-27T18:26:27.964+0000] {manager.py:758} INFO - Searching for files in /workspaces/hands-on-introduction-data-engineering-4395021/airflow/dags
[2025-02-27T18:26:27.964+0000] {manager.py:761} INFO - There are 0 files in /workspaces/hands-on-introduction-data-engineering-4395021/airflow/dags
[2025-02-27T18:31:28.002+0000] {manager.py:758} INFO - Searching for files in /workspaces/hands-on-introduction-data-engineering-4395021/airflow/dags
[2025-02-27T18:31:28.003+0000] {manager.py:761} INFO - There are 0 files in /workspaces/hands-on-introduction-data-engineering-4395021/airflow/dags
